{
  "Light_bulbs__MO": {
    "Viking_Products_Of_Austin_Incustin__TN": 10.585608859969954,
    "Hartford_Plastics_Incartford__AL": 11.286443090116073,
    "Efrain_Morales_Diazorwalk__MO": 11.815645143461458,
    "Jeffery_Allan_Luiacine__AL": 12.650211762199666,
    "Edmon'S_Unique_Furniture_&_Stone_Gallery_Inc.Os_Angeles__IL": 13.520053011705567,
    "Jeffrey_A_Shepardypsum__GA": 13.539986298083953,
    "High_Pines_Farm_Llcontello__IL": 13.835420835146056,
    "Martinez_Transport_Llcdaho_Falls__IL": 13.835420835146056,
    "Jacques_N_Faucherochester__KS": 13.969937594473219,
    "Fish-Bones_Towingew_York__WI": 14.189016456530739,
    "Jevin_Q_Watsonillsboro__GA": 14.895963644304938,
    "Sidhu_Trucking_Incarrisburg__TX": 15.530606193590055,
    "Ibrahim_Chimandalpharetta__OH": 16.165709573694297,
    "Robert_Robertsonairhope__WI": 16.266034165370836,
    "Paul_J_Krez_Companyorton_Grove__NC": 16.339727058090947,
    "Kjellberg'S_Carpet_Oneuffalo__OH": 16.389504708755393,
    "Wisebuys_Stores_Incouverneur__WV": 16.734768798965032,
    "Filippo_Lumaroallston__TX": 17.492068832696216,
    "Allen_R_Pruittrown_City__TX": 17.492068832696216,
    "Gary_Lee_Wilcoxpencer__WI": 17.511375447228108,
    "Macomb_Iron_Llchesterfield__OH": 17.611836984743015,
    "Dupree_Testing_Services_Incutchinson__TX": 17.63349836244287,
    "Ricardo_Juradoacramento__VA": 19.394592712049466,
    "Peet'S_Tree_Serviceinterport__TX": 19.82326285373998,
    "Turenne_Auto_Body_Llchorp__TX": 19.82326285373998,
    "I_N_H_Relocation_Services_Incoodbridge__TX": 20.077055734590235,
    "Michael_J_Geenenaukauna__TX": 21.16751454510711,
    "Jwj_Interests_Incealy__MD": 21.62756262634978,
    "James_Haas_Al_Haas_Shelly_Haasairfield__MD": 22.380014120272136,
    "Sullivans'_Homestead_Inclympia__FL": 22.65952310961955,
    "Arachus_Incashville__PA": 23.167829407860367,
    "Arrow_Towing_Llcent__NJ": 23.749709479701053,
    "Scott_Cassidylanchardville__CO": 24.107108782310174,
    "Rubye_Hunterincolnton__NJ": 24.301071423430198,
    "Como_Construction_Llcottstown__NJ": 24.314265085398727,
    "Jorge_L_Denisollywood__CO": 27.039405543287852,
    "Vincent_Rodriguezansas_City__AZ": 30.591586390689354,
    "Empire_Of_Dirt_Llcquality__ME": 30.65670948070337,
    "Wayne_E_Bollinauvoo__UT": 31.213559820582333,
    "Ramiro_Castilloucson__UT": 31.235112198076788,
    "Dawna_L_Zanderppleton__WA": 39.33126018922718,
    "Beyond_Landscape_&_Design_Llcilsonville__CA": 40.87206513936154,
    "John_Bianchiake_Havasu_City__WA": 42.774097041551045,
    "Loren_Martinrand_Junction__OR": 43.08349047449968
  },
  "Recyclables__VA": {
    "Ricardo_Juradoacramento__VA": 10.376996409265375,
    "Paul_J_Krez_Companyorton_Grove__NC": 10.82291987363259,
    "Wisebuys_Stores_Incouverneur__WV": 10.97013251408438,
    "Kjellberg'S_Carpet_Oneuffalo__OH": 12.379193411174358,
    "Jwj_Interests_Incealy__MD": 12.80655005093908,
    "Macomb_Iron_Llchesterfield__OH": 13.0655150970246,
    "James_Haas_Al_Haas_Shelly_Haasairfield__MD": 13.615961074994418,
    "Jeffrey_A_Shepardypsum__GA": 13.64656901027427,
    "Jevin_Q_Watsonillsboro__GA": 13.758083763615794,
    "Ibrahim_Chimandalpharetta__OH": 14.029679152297696,
    "Arachus_Incashville__PA": 14.643501996207974,
    "Arrow_Towing_Llcent__NJ": 15.219418876510277,
    "Rubye_Hunterincolnton__NJ": 15.645900709946996,
    "Como_Construction_Llcottstown__NJ": 15.768086901331417,
    "Hartford_Plastics_Incartford__AL": 16.143552399895015,
    "Jeffery_Allan_Luiacine__AL": 16.673948957559567,
    "High_Pines_Farm_Llcontello__IL": 17.15304776951544,
    "Martinez_Transport_Llcdaho_Falls__IL": 17.15304776951544,
    "Edmon'S_Unique_Furniture_&_Stone_Gallery_Inc.Os_Angeles__IL": 17.429477908080663,
    "Robert_Robertsonairhope__WI": 19.118791596952768,
    "Fish-Bones_Towingew_York__WI": 19.240233745212755,
    "Sullivans'_Homestead_Inclympia__FL": 19.326754441670808,
    "Gary_Lee_Wilcoxpencer__WI": 20.972061258365457,
    "Efrain_Morales_Diazorwalk__MO": 21.010821388825924,
    "Empire_Of_Dirt_Llcquality__ME": 22.363413823634943,
    "Jacques_N_Faucherochester__KS": 22.88361072935531,
    "Sidhu_Trucking_Incarrisburg__TX": 23.987371190077795,
    "Filippo_Lumaroallston__TX": 24.917512466641952,
    "Allen_R_Pruittrown_City__TX": 24.917512466641952,
    "Dupree_Testing_Services_Incutchinson__TX": 25.188301331236026,
    "Viking_Products_Of_Austin_Incustin__TN": 25.53788763385314,
    "Peet'S_Tree_Serviceinterport__TX": 27.912678818300527,
    "Turenne_Auto_Body_Llchorp__TX": 27.912678818300527,
    "I_N_H_Relocation_Services_Incoodbridge__TX": 28.168826448005067,
    "Michael_J_Geenenaukauna__TX": 30.249278388116412,
    "Scott_Cassidylanchardville__CO": 33.20484744369969,
    "Jorge_L_Denisollywood__CO": 36.217868288060885,
    "Vincent_Rodriguezansas_City__AZ": 39.812911281683114,
    "Wayne_E_Bollinauvoo__UT": 40.2475746034607,
    "Ramiro_Castilloucson__UT": 40.271716801902386,
    "Dawna_L_Zanderppleton__WA": 48.16620129735972,
    "Beyond_Landscape_&_Design_Llcilsonville__CA": 50.09263348170778,
    "John_Bianchiake_Havasu_City__WA": 51.58182100743208,
    "Loren_Martinrand_Junction__OR": 52.02904196223322
  },
  "Apples__OH": {
    "Kjellberg'S_Carpet_Oneuffalo__OH": 39.466578361344574,
    "Wisebuys_Stores_Incouverneur__WV": 40.31076679486443,
    "Ibrahim_Chimandalpharetta__OH": 40.58708100833484,
    "Macomb_Iron_Llchesterfield__OH": 40.81250076176136,
    "Paul_J_Krez_Companyorton_Grove__NC": 43.559734671885884,
    "High_Pines_Farm_Llcontello__IL": 43.80778268315948,
    "Martinez_Transport_Llcdaho_Falls__IL": 43.80778268315948,
    "Edmon'S_Unique_Furniture_&_Stone_Gallery_Inc.Os_Angeles__IL": 44.15478363505022,
    "Jeffrey_A_Shepardypsum__GA": 44.348809479040824,
    "Jwj_Interests_Incealy__MD": 45.2196465582944,
    "Jevin_Q_Watsonillsboro__GA": 45.40995165294294,
    "Robert_Robertsonairhope__WI": 45.57700816806614,
    "Hartford_Plastics_Incartford__AL": 45.761891423019385,
    "James_Haas_Al_Haas_Shelly_Haasairfield__MD": 45.86240378359805,
    "Fish-Bones_Towingew_York__WI": 45.9409467359135,
    "Arachus_Incashville__PA": 46.45295821942404,
    "Jeffery_Allan_Luiacine__AL": 46.948557705119974,
    "Arrow_Towing_Llcent__NJ": 47.014090733575756,
    "Gary_Lee_Wilcoxpencer__WI": 47.42590771443049,
    "Como_Construction_Llcottstown__NJ": 47.56683897159921,
    "Rubye_Hunterincolnton__NJ": 47.61186447871942,
    "Efrain_Morales_Diazorwalk__MO": 49.04522622114143,
    "Jacques_N_Faucherochester__KS": 50.49001879659714,
    "Sullivans'_Homestead_Inclympia__FL": 52.7430903121696,
    "Sidhu_Trucking_Incarrisburg__TX": 53.05497432236577,
    "Empire_Of_Dirt_Llcquality__ME": 53.74348054431131,
    "Filippo_Lumaroallston__TX": 54.622569205238975,
    "Allen_R_Pruittrown_City__TX": 54.622569205238975,
    "Dupree_Testing_Services_Incutchinson__TX": 54.829960932765474,
    "Peet'S_Tree_Serviceinterport__TX": 57.27675448123597,
    "Turenne_Auto_Body_Llchorp__TX": 57.27675448123597,
    "I_N_H_Relocation_Services_Incoodbridge__TX": 57.5338920009071,
    "Michael_J_Geenenaukauna__TX": 58.70323481566847,
    "Scott_Cassidylanchardville__CO": 60.760074431569606,
    "Jorge_L_Denisollywood__CO": 63.89549333753372,
    "Wayne_E_Bollinauvoo__UT": 67.65827973218614,
    "Ramiro_Castilloucson__UT": 67.68538366135289,
    "Vincent_Rodriguezansas_City__AZ": 67.84138910933612,
    "Dawna_L_Zanderppleton__WA": 75.34634312434986,
    "Beyond_Landscape_&_Design_Llcilsonville__CA": 77.860080692751,
    "Viking_Products_Of_Austin_Incustin__TN": 78.71249595846996,
    "John_Bianchiake_Havasu_City__WA": 78.72876692518516,
    "Loren_Martinrand_Junction__OR": 79.29090628674273,
    "Ricardo_Juradoacramento__VA": 86.63888235969327
  },
  "Wood__KY": {
    "Ibrahim_Chimandalpharetta__OH": 13.44739054166271,
    "Wisebuys_Stores_Incouverneur__WV": 13.651916474661178,
    "Macomb_Iron_Llchesterfield__OH": 14.476799983565282,
    "High_Pines_Farm_Llcontello__IL": 14.665850621471796,